PRAGMA foreign_keys=OFF;
BEGIN TRANSACTION;
CREATE TABLE Branch(
   ID INTEGER PRIMARY KEY AUTOINCREMENT,
   Address VARCHAR(255) NOT NULL,
   DateYear INTEGER NOT NULL,
   DateMonth INTEGER NOT NULL,
   DateDay INTEGER NOT NULL,
   ContactEmail VARCHAR(255),
   ContactPhone VARCHAR(255),
   CONSTRAINT UK_ContactEmail UNIQUE(ContactEmail),
   CONSTRAINT UK_ContactPhone UNIQUE(ContactPhone)
   );
INSERT INTO Branch VALUES(1,'Stewart St',2012,1,11,'branch1@gmail.com','7059771234');
INSERT INTO Branch VALUES(2,'London St',2012,2,12,'branch2@gmail.com','7059771235');
INSERT INTO Branch VALUES(3,'George St',2013,3,13,'branch3@gmail.com','7059771236');
INSERT INTO Branch VALUES(4,'Lansdowne St',2013,4,14,'branch4@gmail.com','7059771237');
CREATE TABLE Salary(
   ID INTEGER PRIMARY KEY AUTOINCREMENT,
   Designation VARCHAR(255) NOT NULL,
   Amount FLOAT NOT NULL
   );
INSERT INTO Salary VALUES(1,'Manager',90000.0);
INSERT INTO Salary VALUES(2,'Trainer',70000.0);
CREATE TABLE Employee(
   ID INTEGER PRIMARY KEY AUTOINCREMENT,
   Name VARCHAR(255) NOT NULL,
   Specialization VARCHAR(255),
   Experience INTEGER NOT NULL,
   JoinDateYear INTEGER NOT NULL,
   JoinDateMonth INTEGER NOT NULL,
   JoinDateDay INTEGER NOT NULL,
   ContactEmail VARCHAR(255) NOT NULL,
   ContactPhone VARCHAR(255) NOT NULL,
   SalaryID INTEGER NOT NULL,
   CONSTRAINT UK_ContactEmail UNIQUE(ContactEmail),
   CONSTRAINT UK_ContactPhone UNIQUE(ContactPhone),
   CONSTRAINT FK_Employee_SalaryID_2_Salary_ID FOREIGN KEY(SalaryID) REFERENCES Salary(ID)
   );
INSERT INTO Employee VALUES(1,'Chandler Bing','Manager',3,2012,1,10,'ContactEmail','7037771854',1);
INSERT INTO Employee VALUES(2,'Monica Geller','Manager',4,2012,2,11,'Bing@gmail.com','7037771853',1);
INSERT INTO Employee VALUES(3,'Ross Geller','Manager',3,2013,3,12,'Mon@gmail.com','7037771852',1);
INSERT INTO Employee VALUES(4,'Rachel Green','Manager',4,2013,4,14,'Ross@gmail.com','7037771851',1);
INSERT INTO Employee VALUES(5,'John Snow','Trainer',2,2012,5,9,'Rach@gmail.com','7037771850',2);
INSERT INTO Employee VALUES(6,'Joey Tribiani','Trainer',3,2012,6,21,'Nothing@gmail.com','7037771855',2);
INSERT INTO Employee VALUES(7,'Phoebe Buffey','Trainer',4,2012,7,23,'Doing@gmail.com','7037771856',2);
INSERT INTO Employee VALUES(8,'Dan Tar','Trainer',3,2013,8,25,'SmellyCat@gmail.com','7037771857',2);
INSERT INTO Employee VALUES(9,'Cercy Lan','Trainer',4,2012,9,27,'Drogon@gmail.com','7037771858',2);
INSERT INTO Employee VALUES(10,'Jaime Lan','Trainer',4,2013,10,31,'Wine@gmail.com','7037771859',2);
INSERT INTO Employee VALUES(11,'Tyrian Lan','Trainer',2,2012,11,30,'Slayer@gmail.com','7037771823',2);
INSERT INTO Employee VALUES(12,'Jorah Mor','Trainer',3,2012,12,24,'Wise@gmail.com','7037771335',2);
CREATE TABLE Package(
   ID INTEGER PRIMARY KEY AUTOINCREMENT,
   Name VARCHAR(255) NOT NULL,
   MonthlyCharge FLOAT NOT NULL);
INSERT INTO Package VALUES(1,'Basic',60.0);
INSERT INTO Package VALUES(2,'Individual',90.0);
INSERT INTO Package VALUES(3,'MaxOut',110.0);
CREATE TABLE MemberBooking(
   ID INTEGER PRIMARY KEY AUTOINCREMENT,
   MemberID INTEGER NOT NULL,
   BookingID INTEGER NOT NULL,
   CONSTRAINT FK_MemberBooking_MemberID_2_Member_ID FOREIGN KEY(MemberID) REFERENCES Member(ID),
   CONSTRAINT FK_MemberBooking_BookingID_2_Booking_ID FOREIGN KEY(BookingID) REFERENCES Booking(ID)
   );
INSERT INTO MemberBooking VALUES(1,2,3);
INSERT INTO MemberBooking VALUES(2,5,4);
INSERT INTO MemberBooking VALUES(3,7,6);
INSERT INTO MemberBooking VALUES(4,8,9);
INSERT INTO MemberBooking VALUES(5,9,8);
INSERT INTO MemberBooking VALUES(6,10,2);
INSERT INTO MemberBooking VALUES(7,5,1);
INSERT INTO MemberBooking VALUES(8,7,5);
INSERT INTO MemberBooking VALUES(9,2,7);
INSERT INTO MemberBooking VALUES(10,9,10);
CREATE TABLE BranchEmployee(
   ID INTEGER PRIMARY KEY AUTOINCREMENT,
   BranchID INTEGER NOT NULL,
   EmployeeID INTEGER NOT NULL,
   CONSTRAINT FK_BranchEmployee_BranchID_2_Branch_ID FOREIGN KEY(BranchID) REFERENCES Branch(ID),
   CONSTRAINT FK_BranchEmployee_EmployeeID_2_Employee_ID FOREIGN KEY(EmployeeID) REFERENCES Employee(ID)
   );
INSERT INTO BranchEmployee VALUES(1,1,1);
INSERT INTO BranchEmployee VALUES(2,2,2);
INSERT INTO BranchEmployee VALUES(3,3,3);
INSERT INTO BranchEmployee VALUES(4,4,4);
INSERT INTO BranchEmployee VALUES(5,1,5);
INSERT INTO BranchEmployee VALUES(6,1,6);
INSERT INTO BranchEmployee VALUES(7,2,7);
INSERT INTO BranchEmployee VALUES(8,2,8);
INSERT INTO BranchEmployee VALUES(9,3,9);
INSERT INTO BranchEmployee VALUES(10,3,10);
INSERT INTO BranchEmployee VALUES(11,4,11);
INSERT INTO BranchEmployee VALUES(12,4,12);
CREATE TABLE Subscription(
   ID INTEGER PRIMARY KEY AUTOINCREMENT,
   PayPercentage FLOAT NOT NULL,
   DurationMonths INTEGER NOT NULL
   );
INSERT INTO Subscription VALUES(1,100.0,1);
INSERT INTO Subscription VALUES(2,90.0,3);
INSERT INTO Subscription VALUES(3,80.0,6);
INSERT INTO Subscription VALUES(4,70.0,12);
CREATE TABLE Booking(
   ID INTEGER PRIMARY KEY AUTOINCREMENT,
   DateYear INTEGER NOT NULL,
   DateMonth INTEGER NOT NULL,
   DateDay INTEGER NOT NULL,
   StartTimeHour INTEGER NOT NULL,
   StartTimeMin INTEGER NOT NULL,
   EndTimeHour INTEGER,
   EndTimeMin INTEGER,
   Class VARCHAR(255)
   );
INSERT INTO Booking VALUES(1,2013,9,11,12,0,13,0,'Yoga');
INSERT INTO Booking VALUES(2,2013,8,12,17,0,15,0,'Zumba');
INSERT INTO Booking VALUES(3,2013,7,13,13,0,14,0,'Yoga');
INSERT INTO Booking VALUES(4,2013,6,14,13,0,14,0,'Calisthenics');
INSERT INTO Booking VALUES(5,2013,5,15,14,0,15,0,'Zumba');
INSERT INTO Booking VALUES(6,2014,4,16,15,0,16,0,'CrossFit');
INSERT INTO Booking VALUES(7,2014,3,17,16,30,17,30,'HIIT');
INSERT INTO Booking VALUES(8,2014,2,18,10,30,11,30,'Calisthenics');
INSERT INTO Booking VALUES(9,2014,1,19,11,30,12,30,'HIIT');
INSERT INTO Booking VALUES(10,2014,12,20,12,30,13,30,'Calisthenics');
INSERT INTO Booking VALUES(11,2013,9,11,12,0,13,0,'Yoga');
INSERT INTO Booking VALUES(12,2013,8,12,17,0,15,0,'Zumba');
INSERT INTO Booking VALUES(13,2013,7,13,13,0,14,0,'Yoga');
INSERT INTO Booking VALUES(14,2013,6,14,13,0,14,0,'Calisthenics');
INSERT INTO Booking VALUES(15,2013,5,15,14,0,15,0,'Zumba');
INSERT INTO Booking VALUES(16,2014,4,16,15,0,16,0,'CrossFit');
INSERT INTO Booking VALUES(17,2014,3,17,16,30,17,30,'HIIT');
INSERT INTO Booking VALUES(18,2014,2,18,10,30,11,30,'Calisthenics');
INSERT INTO Booking VALUES(19,2014,1,19,11,30,12,30,'HIIT');
INSERT INTO Booking VALUES(20,2014,12,20,12,30,13,30,'Calisthenics');
CREATE TABLE Member(
   ID INTEGER PRIMARY KEY AUTOINCREMENT,
   Name VARCHAR(255) NOT NULL,
   Gender VARCHAR(255) NOT NULL,
   Status VARCHAR(255) NOT NULL,
   Weight FLOAT NOT NULL,
   Height FLOAT NOT NULL,
   BMI FLOAT,
   JoinDateYear INTEGER NOT NULL,
   JoinDateMonth INTEGER NOT NULL,
   JoinDateDay INTEGER NOT NULL,
   ContactEmail VARCHAR(255) NOT NULL,
   ContactPhone VARCHAR(255) NOT NULL,
   BranchID INTEGER NOT NULL,
   CONSTRAINT UK_ContactEmail UNIQUE(ContactEmail),
   CONSTRAINT UK_ContactPhone UNIQUE(ContactPhone),
   CONSTRAINT FK_Member_BranchID_2_Branch_ID FOREIGN KEY(BranchID) REFERENCES Branch(ID)
   );
INSERT INTO Member VALUES(1,'Ellie Juarez','F','Student',55.999999999999999999,161.0,21.604104779908180234,2012,1,10,'EllieJuarez@gmail.com','7057771854',1);
INSERT INTO Member VALUES(2,'Alyvia Graves','F','Citizen',55.999999999999999999,171.0,19.151191819705211116,2012,2,11,'AlyviaGraves@gmail.com','7057771853',2);
INSERT INTO Member VALUES(3,'Keon Huynh','M','Senior Citizen',50.999999999999999999,165.0,18.73278236914600825,2013,3,12,'KeonHuynh@gmail.com','7057771852',4);
INSERT INTO Member VALUES(4,'Edgar Montes','M','Citizen',65.0,158.0,26.037493991347535171,2013,4,14,'EdgarMontes@gmail.com','7057771851',2);
INSERT INTO Member VALUES(5,'Skylar Ballard','M','Citizen',65.0,175.0,21.224489795918366041,2012,5,9,'SkylarBallard@gmail.com','7057771850',1);
INSERT INTO Member VALUES(6,'Reginald Monroe','M','Student',64.0,172.0,21.633315305570580023,2012,6,21,'ReginaldMonroe@gmail.com','7057771855',3);
INSERT INTO Member VALUES(7,'Sincere Henry','M','Citizen',70.999999999999999999,171.0,24.280975342840534381,2012,7,23,'SincereHenry@gmail.com','7057771856',3);
INSERT INTO Member VALUES(8,'Mitchell Potter','F','Senior Citizen',63.000000000000000001,165.99999999999999999,22.862534475250399167,2013,8,25,'MitchellPotter@gmail.com','7057771857',2);
INSERT INTO Member VALUES(9,'Hallie Cameron','F','Student',61.999999999999999998,163.0,23.33546614475516634,2012,9,27,'HallieCameron@gmail.com','7057771858',1);
INSERT INTO Member VALUES(10,'Izaiah Holloway','M','Senior Citizen',69.0,169.0,24.158817968558526701,2013,10,31,'IzaiahHolloway@gmail.com','7057771859',4);
INSERT INTO Member VALUES(11,'Quinten Cohen','M','Student',71.999999999999999998,174.0,23.781212841854934224,2012,11,30,'QuintenCohen@gmail.com','7057771823',3);
INSERT INTO Member VALUES(12,'Malia Travis','F','Citizen',60.999999999999999999,165.99999999999999999,22.136739730004357795,2012,12,24,'MaliaTravis@gmail.com','7057771353',3);
CREATE TABLE Billing(
   ID INTEGER PRIMARY KEY AUTOINCREMENT,
   MemberFee FLOAT,
   StartDateYear INTEGER NOT NULL,
   StartDateMonth INTEGER NOT NULL,
   StartDateDay INTEGER NOT NULL,
   SubscriptionID INTEGER NOT NULL,
   MemberID INTEGER NOT NULL,
   PackageID INTEGER NOT NULL,
   CONSTRAINT FK_Billing_SubscriptionID_2_Subscription_ID FOREIGN KEY(SubscriptionID) REFERENCES Subscription(ID),
   CONSTRAINT FK_Billing_PackageID_2_Package_ID FOREIGN KEY(PackageID) REFERENCES Package(ID),
   CONSTRAINT FK_Billing_MemberID_2_Member_ID FOREIGN KEY(MemberID) REFERENCES Member(ID)
   );
INSERT INTO Billing VALUES(1,60.0,2012,1,10,1,1,1);
INSERT INTO Billing VALUES(2,161.99999999999999999,2012,2,11,2,2,1);
INSERT INTO Billing VALUES(3,432.00000000000000001,2013,3,12,3,3,2);
INSERT INTO Billing VALUES(4,755.99999999999988632,2013,4,14,4,4,2);
INSERT INTO Billing VALUES(5,432.00000000000000001,2012,5,9,3,5,2);
INSERT INTO Billing VALUES(6,755.99999999999988632,2012,6,21,4,6,2);
INSERT INTO Billing VALUES(7,60.0,2012,7,23,1,7,1);
INSERT INTO Billing VALUES(8,297.0,2013,8,25,2,8,3);
INSERT INTO Billing VALUES(9,161.99999999999999999,2012,9,27,2,9,1);
INSERT INTO Billing VALUES(10,432.00000000000000001,2013,10,30,3,10,2);
INSERT INTO Billing VALUES(11,243.0,2012,2,23,2,11,2);
INSERT INTO Billing VALUES(12,110.0,2013,2,2,1,12,3);
CREATE TABLE Temp(MemberFee1 FLOAT, 
   SubscriptionID1 INTEGER NOT NULL, 
   MemberID1 INTEGER NOT NULL, 
   PackageID1 INTEGER NOT NULL, 
   Name1 VARCHAR(255) NOT NULL, 
   MonthlyCharge1 FLOAT NOT NULL, 
   PayPercentage1 FLOAT NOT NULL, 
   DurationMonths1 INTEGER NOT NULL);
INSERT INTO "Temp" VALUES(60.0,1,1,1,'Basic',60.0,100.0,1);
INSERT INTO "Temp" VALUES(161.99999999999999999,2,2,1,'Basic',60.0,90.0,3);
INSERT INTO "Temp" VALUES(432.00000000000000001,3,3,2,'Individual',90.0,80.0,6);
INSERT INTO "Temp" VALUES(755.99999999999988632,4,4,2,'Individual',90.0,70.0,12);
INSERT INTO "Temp" VALUES(432.00000000000000001,3,5,2,'Individual',90.0,80.0,6);
INSERT INTO "Temp" VALUES(755.99999999999988632,4,6,2,'Individual',90.0,70.0,12);
INSERT INTO "Temp" VALUES(60.0,1,7,1,'Basic',60.0,100.0,1);
INSERT INTO "Temp" VALUES(297.0,2,8,3,'MaxOut',110.0,90.0,3);
INSERT INTO "Temp" VALUES(161.99999999999999999,2,9,1,'Basic',60.0,90.0,3);
INSERT INTO "Temp" VALUES(432.00000000000000001,3,10,2,'Individual',90.0,80.0,6);
INSERT INTO "Temp" VALUES(243.0,2,11,2,'Individual',90.0,90.0,3);
INSERT INTO "Temp" VALUES(110.0,1,12,3,'MaxOut',110.0,100.0,1);
DELETE FROM sqlite_sequence;
INSERT INTO sqlite_sequence VALUES('Package',4);
INSERT INTO sqlite_sequence VALUES('Branch',4);
INSERT INTO sqlite_sequence VALUES('Salary',2);
INSERT INTO sqlite_sequence VALUES('BranchEmployee',12);
INSERT INTO sqlite_sequence VALUES('Subscription',4);
INSERT INTO sqlite_sequence VALUES('MemberBooking',10);
INSERT INTO sqlite_sequence VALUES('Booking',20);
INSERT INTO sqlite_sequence VALUES('Member',13);
INSERT INTO sqlite_sequence VALUES('Billing',12);
COMMIT;
